# amplitude 9.0, mu_min 0.001, mu_max 0.005, mu_new 0.0025

rom_size,seq_snapshots[milli],total_fom[milli],total_rom[milli],step_avg_fom[micro],step_avg_rom[micro]
2, 16612, 4931, 4163, 869, 479, 0.336692
4, 16612, 4931, 3322, 869, 431, 0.102705
6, 16612, 4931, 4295, 869, 606, 0.0487715
8, 16612, 4931, 3217, 869, 519, 0.0116791
10, 16612, 4931, 6172, 869, 994, 0.00528117
20, 16612, 4931, 6462, 869, 2221, 0.0106827