# amplitude 3.0, mu_min 0.001, mu_max 0.005, mu_new 0.025

rom_size,seq_snapshots[milli],total_fom[milli],total_rom[milli],step_avg_fom[micro],step_avg_rom[micro]
2, 16694, 5175, 4937, 1115, 526, 0.283587
4, 16694, 5175, 3611, 1115, 490, 0.137559
6, 16694, 5175, 5101, 1115, 1070, 0.126451
8, 16694, 5175, 5211, 1115, 658, 0.084856
10, 16694, 5175, 3395, 1115, 571, 0.0836125
20, 16694, 5175, 5627, 1115, 1395, 0.0550995