# amplitude 9.0, mu_min 0.01, mu_max 0.05, mu_new 0.0025

rom_size,seq_snapshots[milli],total_fom[milli],total_rom[milli],step_avg_fom[micro],step_avg_rom[micro], err
2, 41320, 6121, 4608, 1511, 557, 0.106319
4, 41320, 6121, 3684, 1511, 536, 0.194278
6, 41320, 6121, 6499, 1511, 792, 0.0860688
8, 41320, 6121, 4397, 1511, 806, 0.0975002
10, 41320, 6121, 6612, 1511, 1047, 0.0945487
20, 41320, 6121, 4658, 1511, 1110, 0.0571619